
<currentdata>

<!--gebg settings for movie profile-->
<preset id="geq_movie_off">
    <data>gebg=[0, 0, 0, 0, 0, 0, 0, 0, 0, 0, 0, 0, 0, 0, 0, 0, 0, 0, 0, 0]</data>
</preset>
<preset id="geq_movie_open">
    <data>gebg=[0, 0, 0, 0, 0, 0, 0, 0, 0, 0, 0, 0, 0, 0, 0, 0, 0, 0, 0, 0]</data>
</preset>
<preset id="geq_movie_rich">
    <data>gebg=[0, 0, 0, 0, 0, 0, 0, 0, 0, 0, 0, 0, 0, 0, 0, 0, 0, 0, 0, 0]</data>
</preset>
<preset id="geq_movie_focused">
    <data>gebg=[0, 0, 0, 0, 0, 0, 0, 0, 0, 0, 0, 0, 0, 0, 0, 0, 0, 0, 0, 0]</data>
</preset>
<!--profile settings for movie profile-->
<profile id="movie" name="Movie">
    <data>geon=[0] ieon=[0] vspe=[0] vdhe=[2] deon=[1] dvle=[0]</data>
    <include preset="geq_movie_off" />
</profile>

<!--gebg settings for music profile-->
<preset id="geq_music_off">
    <data>gebg=[0, 0, 0, 0, 0, 0, 0, 0, 0, 0, 0, 0, 0, 0, 0, 0, 0, 0, 0, 0]</data>
</preset>
<preset id="geq_music_open">
    <data>gebg=[0, 0, 0, 0, 0, 0, 0, 0, 0, 0, 0, 0, 0, 0, 0, 0, 0, 0, 0, 0]</data>
</preset>
<preset id="geq_music_rich">
    <data>gebg=[0, 0, 0, 0, 0, 0, 0, 0, 0, 0, 0, 0, 0, 0, 0, 0, 0, 0, 0, 0]</data>
</preset>
<preset id="geq_music_focused">
    <data>gebg=[0, 0, 0, 0, 0, 0, 0, 0, 0, 0, 0, 0, 0, 0, 0, 0, 0, 0, 0, 0]</data>
</preset>
<!--profile settings for music profile-->
<profile id="music" name="Music">
    <data>geon=[0] ieon=[0] vspe=[0] vdhe=[2] deon=[1] dvle=[0]</data>
    <include preset="geq_music_off" />
</profile>

<!--gebg settings for game profile-->
<preset id="geq_game_off">
    <data>gebg=[0, 0, 0, 0, 0, 0, 0, 0, 0, 0, 0, 0, 0, 0, 0, 0, 0, 0, 0, 0]</data>
</preset>
<preset id="geq_game_open">
    <data>gebg=[0, 0, 0, 0, 0, 0, 0, 0, 0, 0, 0, 0, 0, 0, 0, 0, 0, 0, 0, 0]</data>
</preset>
<preset id="geq_game_rich">
    <data>gebg=[0, 0, 0, 0, 0, 0, 0, 0, 0, 0, 0, 0, 0, 0, 0, 0, 0, 0, 0, 0]</data>
</preset>
<preset id="geq_game_focused">
    <data>gebg=[0, 0, 0, 0, 0, 0, 0, 0, 0, 0, 0, 0, 0, 0, 0, 0, 0, 0, 0, 0]</data>
</preset>
<!--profile settings for game profile-->
<profile id="game" name="Game">
    <data>geon=[0] ieon=[0] vspe=[0] vdhe=[2] deon=[0] dvle=[0]</data>
    <include preset="geq_game_off" />
</profile>

<!--gebg settings for voice profile-->
<preset id="geq_voice_off">
    <data>gebg=[0, 0, 0, 0, 0, 0, 0, 0, 0, 0, 0, 0, 0, 0, 0, 0, 0, 0, 0, 0]</data>
</preset>
<preset id="geq_voice_open">
    <data>gebg=[0, 0, 0, 0, 0, 0, 0, 0, 0, 0, 0, 0, 0, 0, 0, 0, 0, 0, 0, 0]</data>
</preset>
<preset id="geq_voice_rich">
    <data>gebg=[0, 0, 0, 0, 0, 0, 0, 0, 0, 0, 0, 0, 0, 0, 0, 0, 0, 0, 0, 0]</data>
</preset>
<preset id="geq_voice_focused">
    <data>gebg=[0, 0, 0, 0, 0, 0, 0, 0, 0, 0, 0, 0, 0, 0, 0, 0, 0, 0, 0, 0]</data>
</preset>
<!--profile settings for voice profile-->
<profile id="voice" name="Voice">
    <data>geon=[0] ieon=[0] vspe=[0] vdhe=[0] deon=[1] dvle=[0]</data>
    <include preset="geq_voice_off" />
</profile>

<!--gebg settings for user1 profile-->
<preset id="geq_user1_off">
    <data>gebg=[0, 0, 0, 0, 0, 0, 0, 0, 0, 0, 0, 0, 0, 0, 0, 0, 0, 0, 0, 0]</data>
</preset>
<preset id="geq_user1_open">
    <data>gebg=[0, 0, 0, 0, 0, 0, 0, 0, 0, 0, 0, 0, 0, 0, 0, 0, 0, 0, 0, 0]</data>
</preset>
<preset id="geq_user1_rich">
    <data>gebg=[0, 0, 0, 0, 0, 0, 0, 0, 0, 0, 0, 0, 0, 0, 0, 0, 0, 0, 0, 0]</data>
</preset>
<preset id="geq_user1_focused">
    <data>gebg=[0, 0, 0, 0, 0, 0, 0, 0, 0, 0, 0, 0, 0, 0, 0, 0, 0, 0, 0, 0]</data>
</preset>
<!--profile settings for user1 profile-->
<profile id="user1" name="">
    <data>geon=[0] ieon=[0] vspe=[0] vdhe=[0] deon=[0] dvle=[0]</data>
    <include preset="geq_user1_off" />
</profile>

<!--gebg settings for user2 profile-->
<preset id="geq_user2_off">
    <data>gebg=[0, 0, 0, 0, 0, 0, 0, 0, 0, 0, 0, 0, 0, 0, 0, 0, 0, 0, 0, 0]</data>
</preset>
<preset id="geq_user2_open">
    <data>gebg=[0, 0, 0, 0, 0, 0, 0, 0, 0, 0, 0, 0, 0, 0, 0, 0, 0, 0, 0, 0]</data>
</preset>
<preset id="geq_user2_rich">
    <data>gebg=[0, 0, 0, 0, 0, 0, 0, 0, 0, 0, 0, 0, 0, 0, 0, 0, 0, 0, 0, 0]</data>
</preset>
<preset id="geq_user2_focused">
    <data>gebg=[0, 0, 0, 0, 0, 0, 0, 0, 0, 0, 0, 0, 0, 0, 0, 0, 0, 0, 0, 0]</data>
</preset>
<!--profile settings for user2 profile-->
<profile id="user2" name="">
    <data>geon=[0] ieon=[0] vspe=[0] vdhe=[0] deon=[0] dvle=[0]</data>
    <include preset="geq_user2_off" />
</profile>

</currentdata>